title,score,num_comments,created_utc
Please share your feedback about Helldivers 2 in this survey!,13,33,2025-07-22 14:41:16+00:00
New cape: Ingress-81,1833,213,2025-07-22 08:47:36+00:00
The Cover ears emote actually does protect you from explosions to a degree,4022,73,2025-07-23 15:28:38+00:00
Turret almost caught me lacking,3732,84,2025-07-23 13:38:18+00:00
I think I got dropped in thr wrong game,2374,47,2025-07-23 11:27:17+00:00
Cosmetic ideas are cool. But letâ€™s be realistic here.,910,38,2025-07-23 15:39:27+00:00
This stratagem so bad since like forever arrowhead please buff/rework it already. (Eagle rocket pods post number 768th),734,160,2025-07-23 15:27:56+00:00
SEAF SAM now has Ammo Limitation!,5964,221,2025-07-23 04:30:37+00:00
SAM Site Destroys Automaton's Stratagem Jammers,3142,54,2025-07-23 07:21:32+00:00
"Guys, please stop bringing mortar sentries on bug missions. Itâ€™s not your fault, the hunters ruin it.",340,46,2025-07-23 18:25:50+00:00
"Helldivers with 0 stims, 0 ammo, and hemorrhaging chest wounds running away from me (I have a supply pack):",1881,69,2025-07-23 07:48:02+00:00
The Warp Pack can board Squid ships,6194,136,2025-07-23 01:54:49+00:00
"What? No, there is no such thing as stim addiction!*",1074,21,2025-07-23 10:44:09+00:00
"It's so nice of High Command to throw a joke sometimes. It wasn't funny, though.",2504,169,2025-07-23 06:15:09+00:00
Traitorous Helldiver gets immediate karma,4026,55,2025-07-23 03:17:10+00:00
Using the AMR with the Warp Pack makes ADSing borderline unusable if crouched or proned.,307,41,2025-07-23 15:54:18+00:00
Was he... ICE SKATING?!??,717,20,2025-07-23 11:00:30+00:00
You love to see it. [Closing the game causes the game to freeze or produce a crashlog],1276,79,2025-07-23 07:10:56+00:00
If you thought Gun was a silly mega city name checkout what's going on at Crimsica.,7111,170,2025-07-22 22:25:08+00:00
Jump pack users beware,188,12,2025-07-23 17:05:56+00:00
Fan Warbond - COMMUNITY SERVICE - Repaying a Diver's debt to society.,209,58,2025-07-23 16:22:03+00:00
i somehow became a Giant?,1100,68,2025-07-23 07:15:33+00:00
Imagine being one of those who wears armor just for the buffs. Tell me YOUR favorite heavy armor just for the Drip,4779,565,2025-07-22 23:31:01+00:00
Looks like our beloved Creek has cities now,774,51,2025-07-23 08:21:29+00:00
Pure Anger,6050,111,2025-07-22 20:59:24+00:00
Just Because You Are Level 100+ Doesn't Mean You Are Good at the Game,200,174,2025-07-23 14:40:57+00:00
"This game's insanely poor optimization needs to be addressed. I'm getting 45FPS in a low-populated area with an RX 9070XT, Ryzen 9 5900X, and 32GB DDR4 RAM. I got better numbers with a 4060 back in October, about 90FPS. It keeps getting worse every update",1104,394,2025-07-23 05:20:15+00:00
Starting to really feel the effects of High Command going on vacation,375,20,2025-07-23 10:54:40+00:00
Some MOs we are supposed to lose,164,33,2025-07-23 14:29:47+00:00
"Come forth, Helldivers! (By TheStupidHour)",253,9,2025-07-23 11:25:41+00:00
Something tells me they'll need to do some number changes (MO 1 day in results),198,75,2025-07-23 12:07:43+00:00
i love the democracy deputy armor set but that shoulder thing is too small! arrowhead please change...,180,57,2025-07-23 12:38:23+00:00
SMG-32 Reprimand,961,40,2025-07-23 03:27:35+00:00
How does my Steam wallpaper look?,145,11,2025-07-23 13:34:16+00:00
"Helldivers, I know you're tired of the insidious Illuminate. Go, fight whatever front you feel most comfortable on. I'll be hunting whales all week, trying to get us this M.O. May Liberty speed your step, Helldivers.",1373,112,2025-07-23 00:51:34+00:00
Only two moods I feel in this game,116,8,2025-07-23 14:06:55+00:00
Tenderizer,49,0,2025-07-23 18:31:05+00:00
Melee Mech Concept [OC],68,17,2025-07-23 16:18:34+00:00
Can someone who is blind translate this please?,11217,465,2025-07-22 14:14:00+00:00
"""epoch is supposed to OUTPERFORM other convenient anti tank options""",2026,596,2025-07-22 21:33:09+00:00
Suggestion: End screen should display any additional medals that have been collected during the mission.,35,3,2025-07-23 19:13:36+00:00
When did this game get this big?,37,20,2025-07-23 18:56:44+00:00
Yo Helldivers! Which armor combo looks best?,186,40,2025-07-23 09:39:53+00:00
500KG malfunction landing on Hard Terrain,69,11,2025-07-23 14:43:26+00:00
"hmm, yes, i didn't see you.",14890,285,2025-07-22 11:49:14+00:00
Drawing me and my m8's favorite drip,190,22,2025-07-23 08:38:28+00:00
Had this experience today,54,20,2025-07-23 15:44:31+00:00
Lego Factory strider and gunship!,1034,29,2025-07-22 22:53:54+00:00
How I like to grab my things,75,3,2025-07-23 13:07:19+00:00
This sentence from the dev who worked on the epoch personally proves all the people who are fine with the stagnation of the underperforming weapons wrong,39,95,2025-07-23 16:23:28+00:00
excuse me what???,6753,580,2025-07-22 13:13:52+00:00
"The Cape is sick, but I cant put it with any drip.",1270,74,2025-07-22 21:20:53+00:00
This game makes you feel so badass sometimes,31,1,2025-07-23 16:51:50+00:00
epoch solo flawless + my opinions on the weapon,36,16,2025-07-23 16:14:55+00:00
"""Kill 3 750 000 Leviathans""",5399,218,2025-07-22 13:23:55+00:00
"""Fixing"" the Spear",741,168,2025-07-22 23:27:45+00:00
New MO already failed,5209,630,2025-07-22 13:23:57+00:00
Should I send this to the girl I've been talking to?,515,55,2025-07-23 01:10:34+00:00
Whoever said to dive headfirst into combat clearly never met the Automatons,31,1,2025-07-23 16:13:17+00:00
Ye Olde Reliable [OC],191,19,2025-07-23 05:55:08+00:00
The Man Who Sold The Super Earth Warbond,3766,204,2025-07-22 13:45:11+00:00
A filler MO you say?,3653,60,2025-07-22 13:34:30+00:00
Hardest personal order,26,7,2025-07-23 16:31:47+00:00
"First ultrawide ever, total game changer.",331,64,2025-07-23 02:09:59+00:00
Another MGS themed warbond,22,12,2025-07-23 17:01:52+00:00
About the Epoch...,2125,310,2025-07-22 16:04:30+00:00
actual movie shit,17,1,2025-07-23 17:54:20+00:00
Vengeful Vanguard [OC],1937,295,2025-07-22 16:13:52+00:00
Lady Liberty,33,0,2025-07-23 14:31:47+00:00
What??,23,6,2025-07-23 15:56:04+00:00
When itâ€™s time for QC to review a patch,43,2,2025-07-23 12:30:13+00:00
"Well, at least warp pack was ok",19,4,2025-07-23 16:49:50+00:00
I picked up this invisible Pacifier and my game crashed,14,3,2025-07-23 18:06:49+00:00
How about we bring back the heavy armor that has a chance to deflect small arms fire?,317,48,2025-07-23 01:21:02+00:00
They fly now?,15,3,2025-07-23 17:33:59+00:00
Nonchalant hellbomb,41,1,2025-07-23 12:07:18+00:00
Come one arrow head make it a thing plssss we begggg uðŸ™ðŸ»,1117,99,2025-07-22 17:58:29+00:00
Epic spore charger fail,31,2,2025-07-23 13:24:10+00:00
Let freedom fly,15,3,2025-07-23 16:52:01+00:00
Have you guys considered...,21,18,2025-07-23 15:25:49+00:00
It is here!! Big thank you to all the divers that helped raise money for charity. Weâ€™re all doing our part and making super earth a more democratic place.,17,0,2025-07-23 16:00:53+00:00
Thoughts on the A/LAS-98 Laser Sentry,701,258,2025-07-22 19:50:34+00:00
"I think helldivers are forgetting something when suggesting new weapons, and here I amâ€¦",360,64,2025-07-22 23:11:57+00:00
The H-Bomb,156,10,2025-07-23 03:33:22+00:00
I've always wondered [OC],31,2,2025-07-23 12:05:53+00:00
Whatâ€™s your headcanon for how Super Earth somehow maintains cities on planets with regular earthquakes and meteor showers every 20 minutes?,1655,87,2025-07-22 14:32:23+00:00
"So like does anybody use the AMR anymore, not every gun has to be meta but it feels actually useless nowadays.",2565,1185,2025-07-22 12:14:43+00:00
Proved to myself that I have the strength and the courage to be freeðŸŒŽðŸ’ª,12,0,2025-07-23 17:32:35+00:00
My whole squad died at extract so I just dropped directly into the Pelican!,17,1,2025-07-23 14:51:13+00:00
War Striders Are Fun,12,4,2025-07-23 17:15:43+00:00
Super Earth's smartest citizen,9,1,2025-07-23 18:52:22+00:00
Every missionâ€¦,1846,35,2025-07-22 13:24:20+00:00
Eagle Strafing runs are actually really good at killing leviathans if you don't wanna dedicate your entire outload to killing leviathans,10,17,2025-07-23 17:39:53+00:00
"Without a major push on optimization/bug fixes/performance, Helldivers 2 will be crushed by its technical debt and become vulnerable to competition that runs with the format",896,224,2025-07-22 16:33:11+00:00
Does LIDAR reveal all side objectives??,11,11,2025-07-23 16:21:14+00:00
"if you see a Sam site on map, GET IT, they shoot levithans!",507,23,2025-07-22 19:33:11+00:00
Public relations campaign going hard,38,3,2025-07-23 09:19:19+00:00
Is Helldivers 2 still just as fun for a solo player?,15,42,2025-07-23 14:52:49+00:00
Ice Cold take(Maybe): Dilligence is better than DCS for Bot,7,8,2025-07-23 18:38:16+00:00
Is this what our citizens were having nightmares about?,11,0,2025-07-23 16:09:20+00:00
"MO Is Borked, So How About We Make Our Own?",185,56,2025-07-23 00:56:50+00:00
I have a plan to win the war.,272,29,2025-07-22 22:38:02+00:00
This new MO got me feeling like:,7,0,2025-07-23 18:25:26+00:00
"For all the heavy armour enjoyers out there, with a side of medium armour",23,6,2025-07-23 11:48:52+00:00
This never gets old.,8,0,2025-07-23 17:19:48+00:00
Can you tell what difficulty to look for these rogue sky pirates?,86,9,2025-07-23 04:19:33+00:00
The Squids have recruited The Riddler: Confirmed,9,0,2025-07-23 16:35:50+00:00
At least let me have some ammo for my Warrant pistol,39,4,2025-07-23 08:58:11+00:00
Welcome back,6,1,2025-07-23 17:35:54+00:00
I'm pretty sure I heard some sort of warhorn outside of the mission area today. Anyone else catching sounds like this?,6,4,2025-07-23 18:17:00+00:00
What is stopping Arrowhead from doing this?,13365,744,2025-07-22 02:47:17+00:00
MO Failed :(,2515,331,2025-07-22 09:37:54+00:00
DUNK ON THESE CLANKERS!!!!,180,3,2025-07-22 23:46:05+00:00
I just find it weird that the Flamethrower can't burn away bushes or trees.,9,5,2025-07-23 15:53:26+00:00
Concept for a Starship Troopers collab super war bond,28,8,2025-07-23 10:04:19+00:00
I don't know how I managed this but I did,5,2,2025-07-23 18:51:30+00:00
FOR DEMOCRACY,8,0,2025-07-23 15:27:16+00:00
Always wanted to do that,649,30,2025-07-22 16:04:57+00:00
Are We Ready For a Bug Plot? Thoughts?,7,2,2025-07-23 16:33:10+00:00
NOOOOO,684,99,2025-07-22 15:33:49+00:00
Catch a ride!!,6,3,2025-07-23 18:13:58+00:00
Democratic Aircraft,4,1,2025-07-23 19:23:36+00:00
Game has been kinda weird for anyone else lately or just me?,5,4,2025-07-23 18:08:27+00:00
Itâ€™s hunting season,419,11,2025-07-22 18:06:34+00:00
I broke math fighting the bugs with the Warrant pistol,5,0,2025-07-23 19:11:57+00:00
Gunslinger Armour should give secondary Ammunition (50%),32,9,2025-07-23 08:14:09+00:00
"I appreciate the subtle Swedish patriotism in this game. The ""forest camo"" pattern is undoubtedly Swedish M90.",104,10,2025-07-23 01:19:28+00:00
A very gentle nudge,5059,59,2025-07-22 04:48:16+00:00
MR.PRESIDENT GET DOWN,15,0,2025-07-23 11:59:50+00:00
This is why i love the warp pack,7,0,2025-07-23 16:18:19+00:00
You can plant The One True Flag in the guard dogs :),17,0,2025-07-23 10:05:49+00:00
Warp pack glitch with FRV,3,0,2025-07-23 19:35:02+00:00
Botdivers right now,82,5,2025-07-23 01:28:20+00:00
TIL that flags and banners are solid,7,2,2025-07-23 14:36:25+00:00
I just donâ€™t care about MOs anymore,66,65,2025-07-23 02:13:57+00:00
Petition for the mods to add a iO emoji so we don't have to use ðŸ«¡,7,1,2025-07-23 15:14:43+00:00
OHK on incendiary bot missions,11,13,2025-07-23 12:25:43+00:00
The one true windmill (democracy edition),159,0,2025-07-22 21:26:06+00:00
I Swear This Was Different a Few Months Agoâ€¦,6,1,2025-07-23 16:08:56+00:00
*silently wobbles around*,3386,72,2025-07-22 05:02:33+00:00
Has anyone noticed eagle one being weird?,4,16,2025-07-23 17:19:04+00:00
"For Kommissaring purposes, i hope we can equip melee weapons as primaries so we can bring a sword and a pistol some day",6,2,2025-07-23 16:04:55+00:00
Bots getting overzealous with their mines again...,3,1,2025-07-23 18:50:47+00:00
To hell with orders. We're taking back Claorell,39,2,2025-07-23 05:02:45+00:00
Hot take: spamming the reinforcement button allows anyone to reinforce you,3,4,2025-07-23 18:47:43+00:00
Diving on the squid front intentionally hunting Leviathans and Fleshmobs,79,5,2025-07-23 00:57:41+00:00
Bug crawls away from helldiver bully!!!,10,0,2025-07-23 12:01:53+00:00
"Excuse me, out the way, nothing to see here, coming through!",3,1,2025-07-23 18:26:56+00:00
Somebody call Jeff Probst because Iâ€™m a Survivor (â€¦this time),3,2,2025-07-23 18:26:42+00:00
So ... we are split,4,15,2025-07-23 16:49:12+00:00
This is what happens when your loadout for the Evacuate High-Value Assets defense missions are nothing but 4 different types of mines!,6,3,2025-07-23 15:34:39+00:00
The Struggle is Real,244,13,2025-07-22 18:29:31+00:00
Glad I teleported outta the ship,245,10,2025-07-22 18:24:45+00:00
"Totally fine, no complaints here, the game is stable enough since ""I'm having fun""",32,14,2025-07-23 05:20:20+00:00
They thew the Kid Straight into an Incinerator Corps SuperHelldive,27,9,2025-07-23 06:23:16+00:00
launching hellpod while destroyer is still moving,3,0,2025-07-23 17:42:37+00:00
"everyone please give a democratic welcome to SES Leviathan of Midnight's 3,250th Helldiver",2,0,2025-07-23 19:35:53+00:00
Uuum someone care to explain this?,5,11,2025-07-23 14:30:36+00:00
Arc grenade gets better per number of grenades thrown,3,0,2025-07-23 15:39:04+00:00
The artic armor should protect against blizzards,1230,53,2025-07-22 08:35:58+00:00
Democratic Aircraft,2,1,2025-07-23 19:23:21+00:00
You guys go and clean up the MO I am just here chilling with my friend watching the sunset,2,0,2025-07-23 19:22:12+00:00
What is killed me?,6,8,2025-07-23 13:20:18+00:00
Did I deserve this?,4,2,2025-07-23 14:05:29+00:00
10x scope on diligence,4,0,2025-07-23 16:43:37+00:00
New cape announced!,1058,81,2025-07-22 08:48:08+00:00
"Apparently enemies are not slowed down by big slopes, or they stole some experimental stims.",6,4,2025-07-23 13:51:42+00:00
New stockholm is a bait,3,3,2025-07-23 18:41:25+00:00
"AX/P-289 ""Guard Dog"" Angel - Supply/Support Stratagem Concept",14,4,2025-07-23 08:30:18+00:00
I hope we can get a HEAVY reconnaissance vehicle one day.,9,7,2025-07-23 10:29:04+00:00
"[OC]  Day 2 off Operatione ""RCC"" RECAPTURE CLAORELL",5,0,2025-07-23 13:27:38+00:00
Me with a stranger manage to hit our targets with the EPOCH,16,0,2025-07-23 06:46:11+00:00
But of course.,7,3,2025-07-23 11:33:39+00:00
We got SAM-sites back but...,3,3,2025-07-23 16:04:06+00:00
"Got a dispatch which says ""claorell_fallen_end"". Does anyone else has this?",8,3,2025-07-23 11:26:49+00:00
"When Helldivers runs like a slide-show on your rig, so you go spreading Managed Democracy in the Sol System",481,51,2025-07-22 12:26:37+00:00
I JUST NOTICED THIS! TEDDY BEAR STRAT WHEN?!,36,8,2025-07-23 02:39:12+00:00
This really is one breath taking game,575,39,2025-07-22 11:26:55+00:00
Guard Dog Hive: Ministry of Science,138,19,2025-07-22 19:08:29+00:00
Is there a way to bind the weapon fire mode function to a hot key?,2,5,2025-07-23 15:52:31+00:00
what is bro doingðŸ’€,7,2,2025-07-23 11:15:47+00:00
"Apparently even the seaf can have a hype moment, or i found general brasch grand kid",7,0,2025-07-23 11:10:31+00:00
Calling all Whalers: What are the tactics for racking up 3 Million Leviathan kills?,3,9,2025-07-23 15:37:15+00:00
"Fuck devil's advocate, God's prosecution, what do you hate about the talon?",3395,903,2025-07-22 01:39:57+00:00
Helldivers photography,2,0,2025-07-23 17:44:01+00:00
My Two Favorite Jump Pack Buildsâ€¦,2,2,2025-07-23 17:42:32+00:00
MO quantity fix,2,2,2025-07-23 17:35:51+00:00
"why is my frame rate so unstable on my 5070ti playing helldivers 2, even though nothing seems to be bottlenecked? I should be able to get to my monitors refresh rate (144hz), but it doesn't fully utilize my gpu  :(",8,5,2025-07-23 09:48:35+00:00
This is honestly unplayable. Are bot cities supposed to be this dark?,2062,328,2025-07-22 03:43:30+00:00
Players should be able to survive a few seconds after dismemberment sometimes.,26,8,2025-07-23 03:27:03+00:00
Shriekers be scary I guess,61,2,2025-07-22 22:57:46+00:00
"Ah yes, the briefing of this current MO",154,11,2025-07-22 17:25:07+00:00
What in the name of Liberty is going on in the Pelicanâ€¦,6,0,2025-07-23 11:58:07+00:00
"I like to believe that this scene ISN'T special effects in-universe, and that they just used dissidents.",7139,232,2025-07-21 21:35:27+00:00
Thoughts and tips on the Railgun?,5,36,2025-07-23 11:47:24+00:00
Well I guess friendly fire isn't so friendly.,3,0,2025-07-23 12:54:15+00:00
To helldivers who are super credit farming without the wrap pack you can use the exosuit to get inside the bunkers.,20,8,2025-07-23 04:07:45+00:00
Game keeps crashing (PS5),2,5,2025-07-23 16:35:59+00:00
There are 2 planets with the same city name,3,6,2025-07-23 14:11:13+00:00
Platinum Trophy,13,3,2025-07-23 06:58:18+00:00
Game Crash at weapon Customizing Ps5 ?,4,4,2025-07-23 16:09:13+00:00
A weird dream I had about HD2,4,2,2025-07-23 12:22:03+00:00
I fear no man,11,7,2025-07-23 06:48:10+00:00
They can fly now?,0,0,2025-07-23 19:40:46+00:00
Iâ€™m really excited for the Xbox release what Bond should I get first as a start me up,3,4,2025-07-23 15:52:06+00:00
Pelican pilot have too many bad 500kg experiences or something?,4,2,2025-07-23 12:04:47+00:00
Best quality of life improvement goes to...,2948,74,2025-07-22 00:23:46+00:00
The Talon has not left my loadout since it dropped,10524,413,2025-07-21 18:55:46+00:00
"Heavy Armour should get a buff, honestly",65,53,2025-07-22 20:44:32+00:00
Thoughts and ideas on Ministry of Prosperity Warbond?,1,1,2025-07-23 19:23:36+00:00
How do I stop randoms from joining my matches? (ps5),1,2,2025-07-23 19:12:45+00:00
Joel's got something happening for Claorell. Can we stop it?,5,1,2025-07-23 11:38:38+00:00
Show me your BEST screenshots!,2,1,2025-07-23 19:08:59+00:00
Unlimited Liberty !!!,704,18,2025-07-22 07:33:13+00:00
Beauty of the Galaxy - Galactic War Photography,25,7,2025-07-23 01:37:24+00:00
How common is it to queue solo or play solo,1,4,2025-07-23 19:04:47+00:00
Terminid city map noises?,1,1,2025-07-23 19:01:29+00:00
Deja vu,5,2,2025-07-23 10:11:18+00:00
Thermal Diversionary Strategem,35,2,2025-07-22 23:44:36+00:00
Arrowhead right now,209,7,2025-07-22 13:54:16+00:00
Game crash fatal error,3,1,2025-07-23 12:48:08+00:00
This happening to anyone else?,5,3,2025-07-23 09:58:47+00:00
Battle Royale,3,1,2025-07-23 12:41:46+00:00
I love this pack,15,0,2025-07-23 03:55:58+00:00
Why is nobody talking about how bad the epoch reload look?,59,16,2025-07-22 20:29:15+00:00
"I thought this armor was purple, but it turns out it's not that purple",424,64,2025-07-22 09:38:48+00:00
"In the Warbond pictures the armors are white, but they are olive green in game, why that? the white looks so much better",114,27,2025-07-22 16:49:59+00:00
Illuminate level 8 extract high value asset. Can you match the loadout with the  resulting stats?,1,1,2025-07-23 18:24:52+00:00
best outfit,2,1,2025-07-23 18:22:55+00:00
Oh crap,2,1,2025-07-23 14:35:43+00:00
What are your biggest Issues with the Squids and how would you like them fixed?,1,24,2025-07-23 18:12:11+00:00
Devs officially on vacation,13035,737,2025-07-21 16:30:02+00:00
The Service Technician really needs to come back from training soon,5,1,2025-07-23 08:11:21+00:00
"I was finally able to get on. Sweet Liberty, what is this?",22,4,2025-07-23 01:21:23+00:00
"FELLAS, IT BE WHALE SEASON",24,8,2025-07-23 00:19:52+00:00
Finally found the name for my name,142,21,2025-07-22 14:58:39+00:00
Game has crashed / Frozen my PS5 3 times now.,9,14,2025-07-23 05:48:34+00:00
Post your best (please)!,1,3,2025-07-23 17:43:45+00:00
Suggestions to make illuminate more enjoyable,4,39,2025-07-23 13:55:14+00:00
What is this map gen,2,1,2025-07-23 13:54:20+00:00
"just got 270 medals from one failed mission, i was in shock so didn't make a screenshot but what the hell???",0,2,2025-07-23 17:29:04+00:00
They are continuing to expand,1,4,2025-07-23 17:23:37+00:00
Average bot mission,21,5,2025-07-23 00:48:51+00:00
Primary Weapon Concept - Las-10 Glaive,25,9,2025-07-23 00:05:16+00:00
WHY WON'T YOU JUST DIE!!!,152,47,2025-07-22 13:54:34+00:00
Factory Gunship Idea,7,9,2025-07-23 06:01:44+00:00
We canâ€™t hate the squids this much guys come on..,2,11,2025-07-23 17:15:16+00:00
I am going to kick the person who loaded this SEAF artillery! (not really),8,1,2025-07-23 06:37:31+00:00
"found something called ERUPTOR on a squid's corpose, picked it up and i had a purple question mark in my ands, shot it once, immediately ragdoll and crash less than half a second later",2,14,2025-07-23 13:22:25+00:00
Let's get you home.,135,6,2025-07-22 14:13:10+00:00
Super Earth's Wizard,8,0,2025-07-23 05:35:45+00:00
Strike!,76,3,2025-07-22 17:07:44+00:00
have we always had this little Ipad thing? whats it for? (red circle for dramatic effect),25,29,2025-07-22 23:33:28+00:00
WE'RE HUNTING WHALES BOYS,158,26,2025-07-22 13:33:58+00:00
Crashing ingame,4,1,2025-07-23 10:45:03+00:00
Bot dropships are not immune to friendly fire,9,2,2025-07-23 05:16:54+00:00
Spreading Managed Democracy (Art by @CaptainSpades_),14,6,2025-07-23 02:07:30+00:00
"cant even play helldivers anymore, so much crashing",10,1,2025-07-23 05:09:43+00:00
When did they do this for the ballistic shield?!?,0,2,2025-07-23 16:26:28+00:00
Lasers power usage,1,2,2025-07-23 16:26:21+00:00
Why are we making negative progress with 20k divers?,12,12,2025-07-23 03:25:11+00:00
It was never going to end well for us.,5,0,2025-07-23 07:40:34+00:00
"If you think youâ€™re brave, these guys are running around in enemy controlled city in darkness",13,2,2025-07-23 02:54:29+00:00
Anybody playing on PS5 with motion controls?,4,5,2025-07-23 08:43:03+00:00
TP backpack,2,2,2025-07-23 12:25:26+00:00
Just noticed this little detail that appears when you overuse the warp pack,11846,147,2025-07-21 15:09:07+00:00
No aura farming in this operation,13,3,2025-07-23 02:36:18+00:00
BRASCH TACTICS: tie your shoe,12,2,2025-07-23 02:35:57+00:00
Did they downgrade the minimap?,2,2,2025-07-23 12:15:49+00:00
SAM Sites kill leviathans in 4 shots to the same spot,47,5,2025-07-22 19:18:53+00:00
The absolute state of the Illuminate,303,246,2025-07-22 09:02:51+00:00
When your teammates don't agree with your mountain vacation plans,16,0,2025-07-23 00:51:20+00:00
How it feels after losing the MO,38,2,2025-07-22 20:24:42+00:00
The incineration corps have to be tweaked,5,30,2025-07-23 08:12:38+00:00
Custom Super Earth Logo,3,0,2025-07-23 08:09:00+00:00
New warp pack can block scopes,835,66,2025-07-22 03:08:02+00:00
I feel like a lot of Helldivers sleep on this,2678,275,2025-07-21 20:55:27+00:00
Warp pack aiming while crouched issue?,1,0,2025-07-23 15:34:21+00:00
Can we get a mini MAC cannon,20,4,2025-07-22 23:17:32+00:00
which warbond should I get next? Have these 8 to unlock,0,32,2025-07-23 15:16:02+00:00
Baptism Through Fire,2,0,2025-07-23 11:24:29+00:00
The only way,2,0,2025-07-23 11:18:30+00:00
I'm doing my part,47,10,2025-07-22 18:01:30+00:00
Ping Pong,9,1,2025-07-23 03:44:59+00:00
New MO,48,1,2025-07-22 17:50:14+00:00
Does anyone know where is this on Super Earth?,1,1,2025-07-23 14:48:47+00:00
Arc Blaster Concept,9,8,2025-07-23 02:40:55+00:00
I was wrong about this gameâ€¦,1719,154,2025-07-21 22:11:17+00:00
DSS Run By Socialists,0,4,2025-07-23 18:17:47+00:00
Automaton Mission Concept: Prevent Dropships From Evacuating,82,8,2025-07-22 14:56:07+00:00
Why is the Ultimatum so popular even after the nerf? Roughly 1 in 4 Helldivers use it on all fronts. What are its use cases?,0,41,2025-07-23 14:28:24+00:00
Strategic Update: Julheim has a 0% resistance rate,137,18,2025-07-22 11:50:27+00:00
Today is a sad day for me.,0,2,2025-07-23 18:13:47+00:00
When the MO is on all fronts,25,5,2025-07-22 20:29:35+00:00
Whaledivers eating good this MO,32,6,2025-07-22 19:54:05+00:00
Sometimes I just love this game,10,0,2025-07-23 02:56:26+00:00
Strider aim bot,3,0,2025-07-23 06:42:07+00:00
is this a bug? my eagle need to be manually rearm,1,3,2025-07-23 14:09:43+00:00
SAM Site testing: MO Relevant July 2025,6,0,2025-07-23 04:24:21+00:00
I hope for Flight/Movement/Spacesuit themed armor,1,0,2025-07-23 13:56:45+00:00
I have secured my spot in the Helldivers Training Program. See you on the battlefield soon!,68,5,2025-07-22 15:04:31+00:00
RELOADABLE SHOVEL CONFIRMED,2461,56,2025-07-21 19:36:27+00:00
PSA: SAM sites have returned to the Illuminate maps. The MO is possible.,25,8,2025-07-22 20:24:43+00:00
"You've heard of John Helldiver, now get ready for...",11,5,2025-07-23 00:21:45+00:00
New major order,99,83,2025-07-22 13:04:17+00:00
FRV on defense missions is my new favorite,6,1,2025-07-23 05:04:52+00:00
Using ADS while kneeling or prone with the Warp Pack is currently bugged,9,2,2025-07-23 01:18:10+00:00
These maps are so broken.,3,0,2025-07-23 06:15:58+00:00
Â¡É¥Ê‡É¹ÉÆŽ É¹ÇdnS ÉŸo ÆƒÉlâ„² ÇÉ¥â”´,8,0,2025-07-23 03:12:36+00:00
In theory theyâ€™re actually my favourite faction,243,67,2025-07-22 07:57:38+00:00
It's so badass that they just stay and continue to fight,64,8,2025-07-22 15:01:28+00:00
I want to play with people,0,4,2025-07-23 13:24:32+00:00
"My family is looking for a new dog, and we found the most democratic dogs ever",9,0,2025-07-23 02:04:29+00:00
Is this still a thing?,7,9,2025-07-23 03:33:52+00:00
This Line from the Dispatch goes hard,36,1,2025-07-22 17:48:07+00:00
The new Major Orders and something else,2,14,2025-07-23 09:24:01+00:00
[OC] Made a bunch of different helmets,16,4,2025-07-22 22:27:33+00:00
Warp therapy.,8,1,2025-07-23 02:30:21+00:00
"If they gonna nerf the warp pack, I'm gonna go personally to Sweden,and leave a negative review over there. DON'T TOUCH IT, ARROWHEAD, it's perfect as It is",1851,154,2025-07-21 20:16:18+00:00
The three types of divers on an Eradicate mission,148,16,2025-07-22 09:56:08+00:00
What happened to the kill counter,1,1,2025-07-23 12:44:18+00:00
"Helldrivers 2, A Character Mod For The Karter's 2!",7,1,2025-07-23 02:06:28+00:00
Does their holiday mean no spread patch for 2 weeks for the epoch?,55,17,2025-07-22 14:49:26+00:00
This game is too cinematicðŸ˜­,33,3,2025-07-22 17:28:17+00:00
Looking for Helldiver quest video,1,2,2025-07-23 12:27:01+00:00
PSA ON MORALE,4,0,2025-07-23 04:53:33+00:00
"""Victory was never in doubt.""",905,26,2025-07-21 23:28:16+00:00
New illuminate turrents?,0,5,2025-07-23 18:21:40+00:00
"""Go back to where your friends at, Helldiver."" -Random Automaton",90,4,2025-07-22 11:59:33+00:00
"If you didnt know yet, you can get into bunkers in solo play now",0,2,2025-07-23 18:15:51+00:00
"Quick concept I had for a ""Configurable Rifle"" that can switch between One-Handed & Two-Handed",210,20,2025-07-22 07:13:03+00:00
Finally hit lv150! Describe my stats with one sentence!,4,22,2025-07-23 04:29:57+00:00
Did they nerf the Super Credit spawn rate?,0,7,2025-07-23 17:57:51+00:00
"I've played with the Epoch enough to like it, and I don't think it would take much to make it effective",5,3,2025-07-23 06:01:22+00:00
Just found out that samples dropped from Sample Extricator booster have different model on the bot front.,12,1,2025-07-22 22:22:16+00:00
do you guys think it might mean something negative when a faction only has 8% of the playerbase during a 3 way major order,47,34,2025-07-22 14:49:23+00:00
Primary/secondary mission idea: stop unauthorized ICBM launch.,4255,100,2025-07-21 14:45:40+00:00
who needs the warp pack anyway,15,3,2025-07-22 20:38:21+00:00
Helldivers + sinatra,1,0,2025-07-23 11:38:03+00:00
Just got that new warp pack,17,3,2025-07-22 20:29:24+00:00
A Helldivers 2 show?,0,4,2025-07-23 17:24:54+00:00
The bots when the helldivers got warp packs,2803,40,2025-07-21 16:27:48+00:00
Kicked War Progress,4,9,2025-07-23 03:49:35+00:00
Almost met the creator of all things,11,3,2025-07-22 22:18:20+00:00
bug divers are you ready?,1,0,2025-07-23 11:16:16+00:00
Is it just me or is Archid's liberation rate a bit odd?,0,1,2025-07-23 11:14:43+00:00
How it feels using the AX/ARC-3 K9 guard dog,14,2,2025-07-22 20:31:38+00:00
How many samples do you think should be aimed for per mission & difficulty?,0,11,2025-07-23 11:12:02+00:00
Help with Fatal error 114,2,8,2025-07-23 07:25:17+00:00
Is there a bug with the bleeding edge control group armor?,6,1,2025-07-23 01:11:10+00:00
Achievements we should have in HD2 I'll start:,95,13,2025-07-22 10:04:29+00:00
"Spin me right round,",7,0,2025-07-23 01:10:34+00:00
Well that was defiantly a new one,4,4,2025-07-23 03:20:52+00:00
Absolute cinema,6,1,2025-07-23 00:17:33+00:00
"""Buff this!"" ""Buff that!"" - Why don't we buff the music back to Helldivers 1 level?",885,108,2025-07-21 22:00:27+00:00
"Sometimes you lose, sometimes you win. From a bug",0,7,2025-07-23 14:32:23+00:00
Why does this get the 2x Red Dot but not any of the Marksman rifles?,618,40,2025-07-21 23:54:27+00:00
The HellDrip,6,0,2025-07-23 03:13:30+00:00
Average incineration corps experience,3,1,2025-07-23 06:57:55+00:00
How to hit 274 MPH in the FRV,39,5,2025-07-22 14:56:15+00:00
I'M FROM SEASSE AND I SAY THE ILLUMINATE SHOULD SEASSE AND DECEASE!,6,1,2025-07-23 00:04:03+00:00
Are the Control Group warbond items... haunted?,4,4,2025-07-23 03:04:56+00:00
Armory crashing,4,1,2025-07-23 03:03:26+00:00
Cant have shit on the bot front,14,3,2025-07-22 20:33:18+00:00
Why doesnt the trophy of completing 100 missions pop?,1,3,2025-07-23 10:28:29+00:00
"lol, fk no",43,12,2025-07-22 14:05:13+00:00
Get your AT emplacements ready,22,3,2025-07-22 17:33:41+00:00
Does anyone know when she will be back?,5,7,2025-07-23 01:32:03+00:00
I'm still not over how these used to be,8,0,2025-07-22 23:37:42+00:00
Power armor,2,3,2025-07-23 06:14:32+00:00
What the bots are doing with their newly acquired deep mantle forge,19,7,2025-07-22 18:16:36+00:00
How big is Super Earth when talking about the population of the citizen,3,12,2025-07-23 03:58:58+00:00
Did you guys know,23,19,2025-07-22 16:52:36+00:00
Ughâ€¦. Pelican-1 had reinforcements too? Or are these the effects of one too many stims?,376,41,2025-07-22 01:42:24+00:00
Arrowhead after launching the new MO,39,0,2025-07-22 14:33:31+00:00
I fucking love this game man im so glad I purchased it,25,4,2025-07-22 16:21:51+00:00
Just received my super earth flag!!,20,5,2025-07-22 18:08:31+00:00
I'd rather have a lazy MO than crunch,23,6,2025-07-22 16:59:15+00:00
Any good content creator recommendations?,0,6,2025-07-23 13:26:46+00:00
We're not gonna finnish this MO,0,5,2025-07-23 09:39:05+00:00
Extensive Epoch test,9,2,2025-07-22 23:04:48+00:00
Anyone know if this works with Lift-182 pack? If so itâ€™s a good synergy!,5,0,2025-07-23 00:52:24+00:00
Aaaand PULL!,3,0,2025-07-23 02:03:58+00:00
"Alright, i think itâ€™s time for another 30 (or 60) day patch.",24,2,2025-07-22 16:46:35+00:00
The second time this has happened to meâ€¦,13,2,2025-07-22 19:36:39+00:00
THEY'RE ADVANCING IN TACTICS,3,1,2025-07-23 03:33:30+00:00
The most fun we had vs Terminid,140,43,2025-07-22 06:38:28+00:00
Idea for the galactic war,0,1,2025-07-23 19:06:29+00:00
"The Super Servant of Freedom : because when you *know* you are a dead man walking, slowly marching towards the enemy/objective with a ticking Hellbomb on your back as everything goes dark and muffled around you is equally cinematic and satisfying.",21,0,2025-07-22 17:02:21+00:00
Bots are burying their mines now,12,1,2025-07-22 20:16:39+00:00
New interview with Alexus,12,7,2025-07-22 19:30:40+00:00
Do not sleep on this!,27,9,2025-07-22 14:30:18+00:00
We tamed a War Strider!,11,4,2025-07-22 19:56:29+00:00
Every second was filled with a restrained acceptance.,13,0,2025-07-22 18:59:20+00:00
Joel needed another easy win i guess,3,4,2025-07-23 01:20:52+00:00
Are people sleeping on the Commando?,3,45,2025-07-23 08:51:17+00:00
"NGL, I felt there was an influx of new players playing bots for the first time.",26,10,2025-07-22 15:21:10+00:00
Humiliated a warstrider,9,4,2025-07-22 20:52:48+00:00
That socialist scum! It stole my kill!,5,1,2025-07-23 01:12:28+00:00
"Tank 300 bullets and grenades in a row âœ…
Take one shotgun blast âŒ",336,35,2025-07-22 01:08:42+00:00
Just uploaded a new video soloing the illuminate on max difficulty with my best build!,2,0,2025-07-23 04:53:25+00:00
I LOVE ARC THROWER I LOVE INFINITE AMMO MID-RANGE STUN CHAFF CLEAR HATERS BE DAMNED,9,5,2025-07-22 21:21:23+00:00
Something feels off with Acid damage,0,0,2025-07-23 08:36:37+00:00
I absolutely hate the DSS Eagle Storm,28,49,2025-07-22 14:29:27+00:00
Liberation Rates Suggestion (Not a complaint about Cities),0,2,2025-07-23 08:34:12+00:00
I wanna kill Leviathans :(,20,4,2025-07-22 16:31:10+00:00
Iâ€™m feeling a little distracted,9,2,2025-07-22 20:30:53+00:00
>mfw I see we have to kill 3.75 million flying horseshoe crabs.,13,5,2025-07-22 19:21:36+00:00
My opinion I'd pick the right one.,4,8,2025-07-23 00:43:36+00:00
Factory Striders uses Body slam,11,4,2025-07-22 19:11:33+00:00
Kinda Crazy to think about that for the last year we have always been fighting over our OWN territories,1885,124,2025-07-21 15:11:15+00:00
Ah yes I totally didn't want to read this anyway,5,0,2025-07-22 23:16:55+00:00
Sweet liberty,4,1,2025-07-23 00:23:27+00:00
"Bubble shield is still awesome, never see anyone use it though",10,15,2025-07-22 19:18:30+00:00
Just pre-ordered Helldivers 2 for Xbox series s and I'm excited as hell.,9,12,2025-07-22 20:30:52+00:00
BEST EMOTE EVER!,10,7,2025-07-22 19:50:11+00:00
Good soldiers follow orders ðŸ˜”,31,2,2025-07-22 13:26:55+00:00
Iâ€™m so rich guys,12,1,2025-07-22 18:40:32+00:00
"Since nobody is really talking about the melee bug fix/""nerf""",88,17,2025-07-22 07:20:47+00:00
Why are the bugs scared of me?,6,4,2025-07-22 22:51:37+00:00
Gun sound FX not work on PS5,4,1,2025-07-23 00:02:17+00:00
Average Epoch Experience,624,81,2025-07-21 20:39:17+00:00
high temps on helldivers 2,0,4,2025-07-23 07:31:08+00:00
I feel violatedâ€¦,4,6,2025-07-22 23:57:58+00:00
So that's what this emote is for,4077,46,2025-07-21 10:44:50+00:00
I plan on getting those leviathan numbers up.,3,2,2025-07-22 23:57:25+00:00
Can I get some tips for ways I can help newer players?,1,8,2025-07-23 07:23:22+00:00
You can stick One True Flags onto the Guard Dog. (No video because steam recording broke.),0,0,2025-07-23 07:22:24+00:00
Gotta love the lack of testing of Helldivers 2 updates,0,3,2025-07-23 13:15:51+00:00
Issues with Quick Play?,1,1,2025-07-23 07:17:28+00:00
Warp Pack Love,4,1,2025-07-23 01:17:23+00:00
Warp pack has some aura eh?,0,0,2025-07-23 07:13:47+00:00
Lack of democratic sensibility on the field,0,0,2025-07-23 07:11:37+00:00
"Remember, Friendly Fire Isn't.",216,9,2025-07-22 01:51:50+00:00
"We ALL did basic training, right?",15,46,2025-07-22 16:13:51+00:00
Things I learned about the warp pack,3276,280,2025-07-21 11:11:01+00:00
Anyone else notice the Braille on the new cape?,0,1,2025-07-23 06:52:48+00:00
Now that's what I call a bot drop!,1,0,2025-07-23 06:45:51+00:00
Pelican 1 is damn traitor,3,4,2025-07-23 00:45:21+00:00
Mega City Liberation Guild & How It Works,75,8,2025-07-22 07:37:55+00:00
Helldivers 2 Xbox size,2,1,2025-07-23 02:50:49+00:00
"New MO needs a bit more, imo",0,1,2025-07-23 14:05:04+00:00
Quick Helldivers 2 edit,6,0,2025-07-22 20:48:11+00:00
That time I caught a jump pack mid air,5,1,2025-07-22 22:59:15+00:00
Game keeps crashing,3,2,2025-07-23 00:32:50+00:00
"Come Forth, Helldivers",6,1,2025-07-22 21:42:45+00:00
My Career Stats,3,0,2025-07-23 00:29:04+00:00
You can't,507,276,2025-07-21 20:37:38+00:00
Can you believe I survived a direct blast from this thing not this time,4,1,2025-07-22 22:50:02+00:00
Why is this things range so low ?,6,7,2025-07-22 22:49:39+00:00
Great to see 10k players on a Squid planet ðŸ˜ƒ It doesn't have any Leviathans on it tho ðŸ˜ƒ,0,29,2025-07-23 12:18:48+00:00
Major Order,1,4,2025-07-23 06:05:07+00:00
I met Adam smasher and survived,0,0,2025-07-23 06:01:21+00:00
"So Bile Titans can fly now, huh",25,6,2025-07-22 12:13:27+00:00
Illuminate augmentated hulk,108,20,2025-07-22 04:36:25+00:00
"What's going on here with this order, I live in Florida lmao",0,10,2025-07-23 05:49:56+00:00
Is this the new extraction tactic?,2,0,2025-07-23 02:02:04+00:00
THE MOS DEMOCRATIC DOG,21,0,2025-07-22 13:15:52+00:00
Iâ€™d like to pose a question to my fellow freedom-loving patriots,5,2,2025-07-22 22:13:41+00:00
Any tips for my build?,1,11,2025-07-23 05:44:33+00:00
Iâ€™m afraid that arc thrower got nerfed,9,18,2025-07-22 18:20:05+00:00
How close do shots have to be to the bots to suppress them?,2,0,2025-07-23 01:50:03+00:00
Difficulty Breakpoints for MO Enemies,13,3,2025-07-22 16:06:19+00:00
Backpack Strategem Idea: AN ACTUAL BACKPACK,101,36,2025-07-22 04:42:12+00:00
Weird audio glitch,6,4,2025-07-22 19:49:53+00:00
New cape,4,6,2025-07-22 23:35:09+00:00
Sorry about that,1,0,2025-07-23 05:29:32+00:00
Terminid mushrooms being too easy to destroy from distance removes fun gameplay experience,0,20,2025-07-23 15:08:32+00:00
I have an aesthetic problem,0,6,2025-07-23 05:23:30+00:00
TIME TO TAKE CYBERSTAN,3,0,2025-07-22 21:47:56+00:00
An argument for AMR and it being good in the current meta,5,22,2025-07-22 20:33:15+00:00
Me when I accidently overcharge the Epoch for the first time and kill two hulks in one blast.,15,0,2025-07-22 15:19:56+00:00
"Such a good boy, holding the Super Earth flag!",2,0,2025-07-23 01:27:09+00:00
"""Keep pushing!""",4128,92,2025-07-21 08:22:39+00:00
Have you tried this yet?,390,19,2025-07-21 20:45:04+00:00
300iq dev's move,16,8,2025-07-22 13:59:44+00:00
Helldivers surely can endure a lot,2799,136,2025-07-21 10:09:24+00:00
Greetings everyone! I had recently an idea of objective that could be benificient for all the helldivers out there focusing on getting Super Credits. It is a proposition but still is a silly concept I had between two games so don't take it too seriously please haha I hope y'all will like it :),12,4,2025-07-22 16:00:33+00:00
Bug???,1,0,2025-07-23 05:00:25+00:00
WOMBO COMBO,35,3,2025-07-22 09:51:48+00:00
Getting kicked for picking the spear,14,11,2025-07-22 14:35:39+00:00
[UNDER INVESTIGATION BY MINISTRY OF TRUTH],0,0,2025-07-23 04:49:57+00:00
Are SAM Sites only on non-Leviathan maps?,7,10,2025-07-22 19:04:09+00:00
*In connor McGregor voice*,1,1,2025-07-23 04:44:12+00:00
Are AH socially engineering us with these insane MO objectives that are impossible to achieve?,0,11,2025-07-23 08:18:05+00:00
Ender Pearl,12,1,2025-07-22 14:57:32+00:00
"I don't think this is what I signed up for, Patriots....",18,3,2025-07-22 13:03:49+00:00
what stratagem is this again?,8,1,2025-07-22 17:09:03+00:00
If you know good load outs plz tell me,0,12,2025-07-23 08:12:05+00:00
"10,000,000?",17,10,2025-07-22 13:03:16+00:00
"Gaellivare, my beloathed.",2476,87,2025-07-21 10:06:55+00:00
We finally got the rocket jump,13,1,2025-07-22 14:54:10+00:00
The VG-70 Variable is THE Anti-Illuminate gun,309,23,2025-07-21 21:21:05+00:00
The Galactic War: The Coolest Part of the Game I Do Not Understand At All,18,25,2025-07-22 12:55:50+00:00
"[OC]The MO is over and we have held 2 of the 3 planets,",25,3,2025-07-22 11:02:45+00:00
I think it would be a neat mechanic to have Veteran Helldivers have a more meaningful impact on the Galactic War.,0,10,2025-07-23 10:02:52+00:00
Favorite Loadouts for Each Faction,2,5,2025-07-23 00:13:50+00:00
Ghost Eyes,6,1,2025-07-22 18:05:20+00:00
"To beat the Devastator, you must BECOME the Devastator.",11,1,2025-07-22 14:38:12+00:00
dss eagle strike incoming,13,1,2025-07-22 14:07:14+00:00
Is there a decent permanent workaround for shift/ctrl keys not responding for PC players?,2,1,2025-07-22 23:49:54+00:00
Whale divers,11,2,2025-07-22 14:32:52+00:00
New MO Lore be like:,10,0,2025-07-22 14:27:06+00:00
"I joined a lobby, got killed and kicked",0,7,2025-07-23 07:11:29+00:00
"Uhh, Helldivers Companion seems a bit sus w/ the MO",13,2,2025-07-22 13:23:54+00:00
Testing the new cape with various color schemes I thought might complement it:,12,5,2025-07-22 14:17:45+00:00
Mecha resupply,3,0,2025-07-22 23:29:39+00:00
Anyone else getting this Error?,2,2,2025-07-22 23:23:23+00:00
Someone said that the new cape matches with the yellow armour,5,1,2025-07-22 18:24:44+00:00
Wasted Effort?,0,11,2025-07-23 09:04:46+00:00
SEAF trooper channels inner Rocket Man,29,0,2025-07-22 08:48:21+00:00
High command under illuminate control,13,1,2025-07-22 14:03:25+00:00
Is there any chance psn cross progression is coming?,0,4,2025-07-23 03:02:45+00:00
The Factory Strider Experience,4,3,2025-07-22 18:12:44+00:00
[OC] G-152 Warp Grenade,12,4,2025-07-22 13:22:14+00:00
"Theres a firebomb hellpod and and a stun hellpod, Imo something like a smokebomb hellpod would be way more utilised and effective.",136,25,2025-07-22 00:07:46+00:00
I think that AH secrecy on new content is hurting the game,0,7,2025-07-23 16:41:07+00:00
Engineering Kit Stratagem (or primary/secondary),6,3,2025-07-22 16:10:46+00:00
Could I have done anything or is this just a glitch?,1,10,2025-07-23 02:43:34+00:00
anyones thoughts on the new cape?,4,2,2025-07-22 19:10:20+00:00
thank you,7,0,2025-07-22 15:50:21+00:00
Attempts were made,621,67,2025-07-21 15:32:31+00:00
Made another Helldivers warbond concept,14,15,2025-07-22 12:52:46+00:00
I. AM. NOT. FIGHTING. THE. ILLUMINATE.,0,12,2025-07-23 11:02:19+00:00
"Just as Gaellivare fell, the real town of GÃ¤llivare in Sweden suffered day-long train delays",1497,30,2025-07-21 10:39:13+00:00
...what the hell are we supposed to do with this MO,9,39,2025-07-22 14:18:44+00:00
I made a quick Helldivers theme for modded 2DS/3DS,19,2,2025-07-22 10:12:51+00:00
Anyone else feel like the Epoch is disappointing?,1,38,2025-07-23 02:10:14+00:00
Pelican Overwatch Stratagems,1052,70,2025-07-21 12:26:38+00:00
Comfort Loadouts,19,17,2025-07-22 10:27:20+00:00
I had this happen with a Factory Strider at 4am and laughed for at least an hour with democratic intent,2,1,2025-07-22 22:21:01+00:00
Why do I get this?,1,3,2025-07-23 02:02:29+00:00
Average GAELLIVARE experience,125,1,2025-07-21 23:47:52+00:00
R.I.P to my account,4,4,2025-07-22 18:24:01+00:00
How some ppl are acting on account of the devs taking a well-deserved vacation,0,18,2025-07-23 10:36:57+00:00
I CAN NOT SEE,41,3,2025-07-22 06:07:17+00:00
eta on new game engine,0,15,2025-07-23 16:54:03+00:00
"Instead of nerfing the Warp pack, buff the other packs.",15,43,2025-07-22 11:55:20+00:00
The G-6 Frag Grenade is so underrated,15,6,2025-07-22 11:25:41+00:00
"kill 10,000,000",10,9,2025-07-22 13:11:51+00:00
Whats the killstreak you have ever gotten ?,2,9,2025-07-22 19:37:27+00:00
New MO,10,4,2025-07-22 13:33:33+00:00
"So, are the gonna call it the Automaton Space Station?",3,4,2025-07-22 19:29:10+00:00
"In these trying times, I think it's worth posting Commissar Kai's guide on how to take down Leviathans",6,2,2025-07-22 16:41:02+00:00
The bot megacities are in an abysmal state,4,2,2025-07-22 19:20:51+00:00
"Helldivers 2 CEO Comments on Possibility of Adding DLSS and FSR Support, but other problems that impact performance need to be fixed before any upscaling technologies are considered.",5,1,2025-07-22 17:46:10+00:00
Oh noo ..... Is back,9,1,2025-07-22 13:19:01+00:00
Need help,2,0,2025-07-22 21:28:47+00:00
My Automaton Build,1,0,2025-07-23 01:07:06+00:00
Couldn't summon mech on a bug mission - new glitch?,3,4,2025-07-22 21:19:29+00:00
I hate Impalers and I hope you do too,0,13,2025-07-23 13:00:40+00:00
Am I crazy,5,7,2025-07-22 16:18:13+00:00
We lost the deep mantle forge,17,13,2025-07-22 09:44:35+00:00
I canâ€™t take the farming no moreâ€¦,28,5,2025-07-22 06:14:59+00:00
"How did you guys do the ""hold my primary I'm going in"" achievement",5,20,2025-07-22 17:09:58+00:00
Trencher Warbond Stratagem Idea: Broken Arrow,6,2,2025-07-22 14:51:04+00:00
Warp Backpack Testing,54,12,2025-07-22 03:05:06+00:00
I'm not sure that I'm capable of unequipping the warp pack,348,40,2025-07-21 16:46:46+00:00
One thing with bug front that makes me hate it in comparison with other two.,0,31,2025-07-23 06:28:30+00:00
New major order,8,1,2025-07-22 13:10:36+00:00
When I need a close shave I visit the bot front.,6,0,2025-07-22 13:53:03+00:00
Does the planet temperature affects the laser sentry?,2,7,2025-07-22 20:39:22+00:00
Get down Mr President!,6,0,2025-07-22 14:27:27+00:00
Ship comms must think Iâ€™m special,1,0,2025-07-23 00:08:12+00:00
Like A Glove,1,0,2025-07-23 00:07:16+00:00
We need another 60-day buff marathon for fixing the game,13,10,2025-07-22 10:34:36+00:00
What the hell is this black thing?,24,14,2025-07-22 07:01:50+00:00
Ragdolldivers 2,8,4,2025-07-22 13:22:50+00:00
Are Hulks piloted by other bots?,2,8,2025-07-22 20:09:17+00:00
"EAT, Commando, Recoiless Rifle?",2,18,2025-07-22 20:07:39+00:00
Free cape?!,4,2,2025-07-22 15:07:44+00:00
Random ideas/requests,1,2,2025-07-22 23:44:39+00:00
I'm tired boss,2418,209,2025-07-21 05:37:08+00:00
Two 800m Gunship Snipes,2,0,2025-07-22 19:56:59+00:00
Is Motivational Shocks still bugged?,2,1,2025-07-22 19:51:34+00:00
Help me finish this new players infographic,5,4,2025-07-22 14:51:58+00:00
Mission idea: hostage transport.,1,1,2025-07-22 23:34:43+00:00
this planet has the colour palette of a well used ashtray,5696,100,2025-07-21 01:12:02+00:00
Huh???,6,2,2025-07-22 13:44:04+00:00
My first 3D Print - For Liberty!,1520,50,2025-07-21 07:43:12+00:00
Top loadout,1,3,2025-07-22 23:22:39+00:00
"Game reset, canâ€™t change even my weapon congifuartion without crashing",1,2,2025-07-22 23:22:12+00:00
Do kills count if the mission isn't completed?,1,3,2025-07-22 23:20:19+00:00
way to keep moving while still using wasd to enter strategems?,2,11,2025-07-22 19:28:31+00:00
Sweet liberating pretty please?,13,16,2025-07-22 09:18:20+00:00
How? Literally how?,0,15,2025-07-23 08:57:23+00:00
Hellocke : MO Drydock Lockout,2,0,2025-07-22 19:27:53+00:00
"The two wonderful cities, Zenith and Quasar",23,4,2025-07-22 06:08:29+00:00
"I am getting mixed messages about the Epoch, what do you divers think?",411,174,2025-07-21 14:30:06+00:00
This game looks so good sometimes.,6,0,2025-07-22 14:19:48+00:00
New Major order!,6,1,2025-07-22 13:15:46+00:00
"hellbomb must be the most fun stratagem in the game, just seeing a perfect opportunity opening up to destroy loads of tyrants",6,2,2025-07-22 14:13:01+00:00
Opinions on the Epoch?,0,3,2025-07-22 22:55:46+00:00
Apparently the Heavy Devastator's Shield is stronger than a whole Ass Factory Strider,7332,399,2025-07-20 23:46:36+00:00
Was not expecting that lol,2,0,2025-07-22 19:08:12+00:00
I get some stuff is frustrating but damn.,9213,525,2025-07-20 22:51:38+00:00
Squid Front - Focus on Alaraph,0,2,2025-07-22 22:52:09+00:00
how do the automaton construct these so fast? (ignore the chat),266,91,2025-07-21 16:36:20+00:00
Stories from the lower levels,5,3,2025-07-22 14:05:14+00:00
I wish I had a hellbomb,1,0,2025-07-22 22:46:15+00:00
Pure Genius,7,1,2025-07-22 12:07:47+00:00
I feel so betrayed,3,1,2025-07-22 16:40:48+00:00
Silly but fun idea (imo),0,0,2025-07-22 22:37:43+00:00
I think defense missions should be changed,0,4,2025-07-22 22:33:43+00:00
What was J.O.E.L. Thinking with this one?,2,9,2025-07-22 16:35:46+00:00
I think the DSS is in trouble again,2,5,2025-07-22 16:35:35+00:00
Automatons cheated to win the MO,5,0,2025-07-22 13:48:18+00:00
Can anybody select the warrior as part of their ship name,0,0,2025-07-22 22:29:48+00:00
My opinion on the latest MO,5,4,2025-07-22 13:40:14+00:00
Please stop despawning,2,2,2025-07-22 18:38:05+00:00
The game actually working.,5,2,2025-07-22 14:50:14+00:00
With the new MO I thought of this,4,3,2025-07-22 13:34:41+00:00
Aura farming to raise the flag ðŸ«¡,97,6,2025-07-21 21:21:58+00:00
bug hill :],5,0,2025-07-22 14:40:14+00:00
Future X-Box recruit here. Question for the veteransâ€¦,4,22,2025-07-22 14:36:56+00:00
AH Devs are quick or we're blind?,3,2,2025-07-22 14:35:48+00:00
Thatâ€™s some impressive statistics,6,3,2025-07-22 13:23:03+00:00
stand by for diver-fall,55,5,2025-07-22 00:27:17+00:00
"The AD-26 shocking my helldong, waking me up for another 15 seconds of glory",9,2,2025-07-22 10:09:24+00:00
Perfect launch code!,5,2,2025-07-22 14:32:35+00:00
Eruptor vs chargers/titans,0,6,2025-07-22 22:00:34+00:00
"Is the LAS-98 Sentry an actual ""LAS-98""?",0,5,2025-07-22 22:00:13+00:00
Landmine of lantern what is your wisdom?,1,0,2025-07-22 21:59:21+00:00
Siting on of illuminate wires on bot infested claorell?,1,1,2025-07-22 21:59:16+00:00
I think we got here a liiiitle too late,1644,49,2025-07-21 05:49:26+00:00
"Allow the Warp pack to be used with ""Press"" instead of ""Hold""",0,2,2025-07-22 21:51:14+00:00
Prone sprinting,5,2,2025-07-22 13:02:06+00:00
What is going on?,3,2,2025-07-22 18:00:20+00:00
I think Pelican 1 is a bit buggy now,1,1,2025-07-22 21:44:25+00:00
Sad Egg Noises,2647,27,2025-07-21 02:58:28+00:00
Medals,0,4,2025-07-23 07:16:11+00:00
Ingress-81 cape Easter egg in braille? Idk maybe not,4,7,2025-07-22 14:00:46+00:00
Just got the Variable. Am I doing someting wrong?,4,9,2025-07-22 15:33:07+00:00
New cadet reporting for duty,2,1,2025-07-22 17:44:54+00:00
Ever seen this trick?,201,10,2025-07-21 16:41:41+00:00
Is he immortal?,2,3,2025-07-22 21:26:22+00:00
bad dog,1,0,2025-07-22 21:21:31+00:00
"Uwu, stop looking Helldiver Senpai. I'm not wearing any guns.",160,9,2025-07-21 17:40:48+00:00
Vote for double-xp locations during MO?,4,5,2025-07-22 12:30:34+00:00
About leviathan kills,3,23,2025-07-22 15:16:19+00:00
I was humbled,17,1,2025-07-22 05:45:34+00:00
did a thing,53,6,2025-07-22 00:00:16+00:00
[OC] My second HD2 drawing! I don't even know what title to give it,5,1,2025-07-22 12:23:13+00:00
The hellbomb jumped in front of us I swear,25,2,2025-07-22 03:37:20+00:00
New Cape!,10,1,2025-07-22 09:06:40+00:00
Bots be doing anything man ðŸ˜­,3,1,2025-07-22 15:02:58+00:00
The recent interview with the devs by Crazymrpipz makes me scared of future content being released.,0,9,2025-07-23 05:43:58+00:00
Bugs and preys on their origin planet are deaf,13,7,2025-07-22 07:58:22+00:00
THOSE SHOTGUNS ARE CANCER,39,23,2025-07-22 01:02:38+00:00
Arrowhead Please Mortars Now,2,21,2025-07-22 20:43:20+00:00
There are 62 systems in-game which are named after real life star systems. Here's a quick video showing their relative position to Super Earth!,34,4,2025-07-22 01:10:50+00:00
Are there any mods to disable the fixed crosshair or to in the settings? (Picture unrelated),7,3,2025-07-22 09:43:46+00:00
Is it good?,108,16,2025-07-21 18:46:20+00:00
Do I own it or not? I paid for it,17,16,2025-07-22 04:27:55+00:00
GET IT OFF,19,1,2025-07-22 04:26:31+00:00
Question about PS5 Pro,1,0,2025-07-22 19:59:43+00:00
Fix this before your SUMMER break thanks ~!!,1,1,2025-07-22 19:48:26+00:00
What sorcery is this?,2,2,2025-07-22 15:59:44+00:00
Time for Super civil war?,2,3,2025-07-22 13:46:42+00:00
Ya'll sign your CO-1 forms before using the DE Sickle?,23,2,2025-07-22 02:54:45+00:00
Excuse me?,4,5,2025-07-22 13:41:11+00:00
Flamethrower is not powerful as support,4,22,2025-07-22 15:46:14+00:00
Helldivers no longer detects my GPU after latest patch,2,3,2025-07-22 15:46:00+00:00
Orbital Flare,2,2,2025-07-22 19:27:08+00:00
Quick Recap,3,8,2025-07-22 13:29:12+00:00
SEAF Artillery shells did an oopsie,1,0,2025-07-22 19:24:00+00:00
Baseless Speculation about Invisible Ships,2,2,2025-07-22 15:36:55+00:00
A sneak peak into super earth blueprints (I love the quasar cannon and I am so pissed),27,12,2025-07-22 01:29:00+00:00
Support weapons & backpacks customization,1,0,2025-07-22 19:22:30+00:00
The community's sharp responses are ruining the game,0,6,2025-07-23 05:55:07+00:00
Iâ€™d say itâ€™s time for some fixes,11,2,2025-07-22 06:48:41+00:00
Impossible!,3,1,2025-07-22 15:29:31+00:00
Constant disconnections,1,2,2025-07-22 19:14:45+00:00
Additional icon for those who t OFF audio chat,2,3,2025-07-22 19:11:32+00:00
does anyone have good armor combos using the new body armor in the warbond?,1,0,2025-07-22 19:09:04+00:00
"Gifted new cape - Spells ""DCON DCON"" in braille when flipped left 90 degrees. Any ideas?",3,8,2025-07-22 13:06:52+00:00
Anyone else having this problem?,0,0,2025-07-22 19:04:09+00:00
"[OC] My first HD2 drawing! I call this one ""Rinforcements!""",30,3,2025-07-22 00:45:57+00:00
Good soldiers follow orders,3,3,2025-07-22 13:03:49+00:00
Sentries are not secretly targeting you MY ASS,9843,229,2025-07-20 18:32:39+00:00
"With all the death and sacrifice of helldivers, I feel like a valhalla/viking warbond would go crazy",0,9,2025-07-22 18:53:01+00:00
what to do for better performance on pc,3,4,2025-07-22 12:49:37+00:00
Cape (DCON),3,9,2025-07-22 15:00:49+00:00
This Stratagem should be provided by Super Destroyers for free and available only during Night Missions | Orbital Illumination Flare,4858,127,2025-07-20 21:09:03+00:00
Ok??? what is this drip??,6,1,2025-07-22 09:00:59+00:00
God I fkn love the warp pack.,12,6,2025-07-22 05:02:42+00:00
Some items shouldn't be take up backpack slots - e.g. the shields.,0,3,2025-07-23 08:00:23+00:00
Fnaart work in progress,419,13,2025-07-21 09:40:59+00:00
How big is Super Earth active Destroyer fleet and active Helldivers pool? (answer large) (numbers are most likely not accurate),4,1,2025-07-22 12:27:15+00:00
What the Automatons are gonna come up with after taking all the DSS plans,19,2,2025-07-22 02:38:48+00:00
Another Light-Pen Support Weapon,3265,184,2025-07-20 22:37:57+00:00
Ouch ouch ouch ouch ouch,10,4,2025-07-22 05:47:20+00:00
Iâ€™m sick of it,0,14,2025-07-23 06:08:28+00:00
I think this is why we couldn't hold Claorell..,5,2,2025-07-22 10:39:38+00:00
Best plasma weapon right now?,0,18,2025-07-22 18:09:17+00:00
"Yesss I did it, finally i can now play the game XD",48,15,2025-07-21 21:35:55+00:00
Did I miss something??,1,11,2025-07-22 18:04:40+00:00
I.A.F.F General Diaz carryâ€™s super earth flag during solo atomaton Mission,0,0,2025-07-22 17:59:22+00:00
Fanmade Warbond: X-COMmanders,1,4,2025-07-22 17:58:54+00:00
"If you know, you know",3,2,2025-07-22 14:11:26+00:00
New Cape! INGRESS-81,4,2,2025-07-22 09:08:43+00:00
Illuminate Purple cape Cypher?,4,5,2025-07-22 09:05:46+00:00
What?! What?! What?!,1,1,2025-07-22 14:02:26+00:00
Is my companion app suggesting treason?,2,2,2025-07-22 13:55:36+00:00
Box of S.E.A.F. Ministry of Science Field Notes,19,0,2025-07-22 01:24:57+00:00
Ingress into the Cosmos entry point Meridia,0,2,2025-07-22 21:24:54+00:00
By the power of purple,2,3,2025-07-22 13:48:55+00:00
"Watch out, it's the Eagles!",60,4,2025-07-21 19:33:32+00:00
What do yall think?,0,4,2025-07-22 23:22:07+00:00
You know... the thing. (really loud at the end warning),167,6,2025-07-21 13:26:45+00:00
Warp pack bug?,5,4,2025-07-22 09:34:21+00:00
IN. THE. FACE.,229,12,2025-07-21 11:37:19+00:00
Helldivers after new warbond dropped,13,1,2025-07-22 03:31:04+00:00
[OC] The Full collection of my Lego Imperial Helldivers,3,0,2025-07-22 09:27:23+00:00
Feels to me that Killzone 2 weapons will never get changed for better or worse due to contractual crossover obligations.,4,3,2025-07-22 09:26:40+00:00
Dica para iniciantes,1,1,2025-07-22 16:54:27+00:00
THIS needs to be at least doubled.,371,74,2025-07-21 08:45:14+00:00
So close yet so far,16,3,2025-07-22 01:48:52+00:00
Unbalanced 500kg Explosion?,0,8,2025-07-23 00:13:51+00:00
What's this,4,10,2025-07-22 09:08:45+00:00
"Sorry High Command, I got some new automatons mechs to dispose of inside the Megacity",6831,161,2025-07-20 17:43:03+00:00
Exploring the Map with Warp Pack,2,0,2025-07-22 12:40:13+00:00
POV: You fought for the MO this weekend,101,6,2025-07-21 15:32:31+00:00
Game crashes when I modify my guns,1,4,2025-07-22 16:23:40+00:00
He's thinking about his women again. What I'm really thinking about:,4,0,2025-07-22 10:19:36+00:00
What the heck kinda nonsense is this...,1,1,2025-07-22 16:13:48+00:00
Guys is there a code on the New Cape?,0,6,2025-07-22 16:12:37+00:00
Okay so hear me out,36,2,2025-07-21 20:34:17+00:00
How to say you won't be finishing the operation without saying you won't be finishing the operation.,31,3,2025-07-21 21:29:17+00:00
"I just realized that ""Eye of Freedom"" cape is not Meridia but half of a Helldiver skull logo",10264,152,2025-07-20 15:13:37+00:00
"hold on, is this braille or a hidden coded message? can someone translate it for me?",4,5,2025-07-22 09:48:13+00:00
That was close,3,0,2025-07-22 09:46:02+00:00
It was a rough game ngl,28,4,2025-07-21 21:46:52+00:00
New Cape,1,3,2025-07-22 15:40:20+00:00
Helldivers 2 Extraction Sheet Music for Piano Solo,19,5,2025-07-21 23:56:24+00:00
Flamethrowers are really effective for killing Heavy Devastators,1,2,2025-07-22 15:29:18+00:00
You're of no use to me now.,106,2,2025-07-21 14:13:07+00:00
A Helldrip Set,57,5,2025-07-21 17:37:55+00:00
"Im not being ugratefull , but we got a Purple cape wihtout any fiting Purple armor",1,9,2025-07-22 15:23:04+00:00
I hate the bots,0,10,2025-07-22 21:18:36+00:00
Not all AP4 weapons are born equal,6252,558,2025-07-20 16:44:48+00:00
Some of you guys have to learn how much Arrowhead doesn't care about every little complaint you have as long as they keep rolling in money.,0,12,2025-07-23 07:00:11+00:00
why do rocket devastators remind me of them,127,16,2025-07-21 12:58:00+00:00
"I know we have a lot of armors dedicated to the medic role, but maybe just two more in a dedicated medical warbond? Thoughts? Suggestions for what would be in it?",849,192,2025-07-21 02:34:35+00:00
why so many people on difficulty 1 (trivial) having over 10 minutes there?,0,7,2025-07-22 18:52:38+00:00
This will always be my favorite way to die.,6,2,2025-07-22 06:22:03+00:00
Ingress-81,3,3,2025-07-22 09:01:32+00:00
Has anyone got recordings or videos of all the little clips shown on the ships main screen?,2,1,2025-07-22 11:11:28+00:00
So yeah we all know how unstable the game is right now but something just occurred to me that I feel might need discussing..,1,9,2025-07-22 11:08:47+00:00
"What's your opinion about this well designed, perfectly balance, rare and polished enemy unit?",7523,1029,2025-07-20 15:37:40+00:00
I just signed up. FOR DEMOCRACY!!!,63,7,2025-07-21 16:26:21+00:00
CLAORELL is new malevelon?,0,3,2025-07-23 00:30:02+00:00
"Paper beats rock, rocket beats helldiver",241,6,2025-07-21 09:03:23+00:00
Should we be able to hug SEAF?,194,30,2025-07-21 10:14:52+00:00
We need in-game Community Message Broadcasting,5,1,2025-07-22 07:09:53+00:00
My friend's game have issue with circle appearance in game.,0,5,2025-07-22 18:24:07+00:00
"We have Flame turrets, now we need TERMICIDE dispersion turrets.",17,6,2025-07-21 23:32:47+00:00
I'm stumped on Loadouts and I'm looking for recommendations,5,8,2025-07-22 05:50:59+00:00
"Kill this bastards, Rip and Tear until it's done",2,5,2025-07-22 14:32:56+00:00
Got this picture a long time ago and figured id share it. :),10,2,2025-07-22 02:02:52+00:00
Freedom rings true this day,1739,102,2025-07-20 22:01:42+00:00
Excuse me can we have more things to blow up at D10?,53,9,2025-07-21 16:59:24+00:00
Please divers just end our suffering...,21,2,2025-07-21 21:47:44+00:00
The scanner sucks,11,9,2025-07-22 01:49:02+00:00
The realism is getting a little ridiculous.,41,8,2025-07-21 18:06:58+00:00
Sword Art Helldivers,29,2,2025-07-21 19:46:51+00:00
I finally broke 1k kills.,6,4,2025-07-22 06:36:10+00:00
INGRESS-81 Cape Braille?,0,4,2025-07-22 17:50:17+00:00
Arrowhead I am tired of dying to nothing,16,12,2025-07-21 23:20:08+00:00
Friends to play helldivers,1,4,2025-07-22 13:55:45+00:00
Low Altitude,9,3,2025-07-22 01:58:31+00:00
ABSOLUTELY DEMOCRATIC,3,0,2025-07-22 07:50:12+00:00
FINALLY! MY FIRST LVL 25!,8,3,2025-07-22 02:29:32+00:00
Overseers unable to be set on fire now???,3,8,2025-07-22 07:43:14+00:00
Does this have a learning curb or is it just trash?,31,89,2025-07-21 18:41:53+00:00
Running is my passion,12,8,2025-07-22 00:09:44+00:00
Bullying the bullies goes wrong!,57,2,2025-07-21 15:53:34+00:00
"Just Hit Lvl 150, Here Are My Stats",16,17,2025-07-21 22:29:48+00:00
Imagine this is the or is one of the automaton bosses that lead it's own brigade in doing special operations,20,11,2025-07-21 21:10:03+00:00
"STRINGRAY-1, unleashing democracy!",38,11,2025-07-21 17:37:19+00:00
Gaellivare is ours! Maybe there is a chance?,14,11,2025-07-21 23:17:07+00:00
how has the extract been called here?,3,3,2025-07-22 07:13:07+00:00
Tech changedâ€¦ divers stayed the same.,9,1,2025-07-22 01:14:23+00:00
"If you made an appearance in the Helldivers Movie, what armor are you wearing?",9,23,2025-07-22 01:13:22+00:00
Ses videos,0,3,2025-07-22 16:54:40+00:00
Just finished a mission and got this cape has anyone seen this?,2,2,2025-07-22 09:08:01+00:00
What is this new cape I was awarded - Ingress-81,3,0,2025-07-22 09:00:43+00:00
Cadia stands,4,0,2025-07-22 06:48:19+00:00
PURPLE,2,0,2025-07-22 09:00:07+00:00
So... We evacuated a charger,15,5,2025-07-21 23:14:50+00:00
Bot loadouts? With warpack,2,5,2025-07-22 08:55:35+00:00
When gaellivare is liberated we unite!,24,4,2025-07-21 19:22:59+00:00
Am I gambling or something and hit the jackpot?? WDYM 3 HARVESTERS IN 1 WARP SHIP????,14,1,2025-07-21 21:48:16+00:00
I just made one small change to make it more accurate,70,3,2025-07-21 13:26:44+00:00
Purple cape,0,2,2025-07-22 12:14:21+00:00
Looks like my character wants to quit,2,2,2025-07-22 08:23:59+00:00
Claorell Mega City feels like Space Stalingrad,0,2,2025-07-22 12:05:39+00:00
The first thing I do when testing a new enemy type,2175,57,2025-07-20 18:30:07+00:00
Car on da roof,1,1,2025-07-22 12:02:17+00:00
Using the Kick-Emote on your Teammates is Treason and I will always kill you for this,0,31,2025-07-23 05:29:54+00:00
So I met the Kool-Aid Man today :D,1331,33,2025-07-20 21:00:18+00:00
Please. Please let me level it up.,46,24,2025-07-21 15:12:34+00:00
"You know what, hell yeah, Trenchdivers warbond (Not real image, I made this)",1675,308,2025-07-20 19:35:27+00:00
Please give a breakdown of unit type on the kills info,11,12,2025-07-21 22:44:39+00:00
What kind of horrid Automaton weapon causes this?,5,1,2025-07-22 02:59:15+00:00
Attention All Helldivers,2,10,2025-07-22 07:53:56+00:00
Really wish flashlights worked better,4173,117,2025-07-20 14:43:46+00:00
"Red stratagem suggestion that wouldn't require making lots of new code, the Orbital Freedom Barrage (Contains EMS, Smoke, Gas, Napalm, and Precision Strikes for duration of barrage)",22,16,2025-07-21 18:27:21+00:00
PSA Loading SEAF Artillery,23,48,2025-07-21 17:43:18+00:00
Gaellivare is actually really beautiful when it's not raining for once.,24,0,2025-07-21 18:06:05+00:00
I love the warppack + the sword,11,4,2025-07-21 22:17:23+00:00
"my PERSONAL tier list of the stratagems, minus Control Group",0,3,2025-07-22 19:59:46+00:00
"Micro stuttering started 2 days ago, anyone else? Check the video.",3,3,2025-07-22 05:14:58+00:00
"I know that bots aren't supposed to be alive, but... (glitch)",5,0,2025-07-22 02:27:43+00:00
Behold: The god-tier sidearm of Gaellivare,23,18,2025-07-21 17:40:39+00:00
Horrible performance after latest update,6,8,2025-07-22 02:20:26+00:00
What's the best way to deal with War Striders?,3606,1395,2025-07-20 14:50:04+00:00
Guys read this for this new. MO,0,3,2025-07-22 17:00:15+00:00
Variable and redeemer deals 6000 damage together,3,0,2025-07-22 04:58:01+00:00
Hell yeah,45,9,2025-07-21 13:55:35+00:00
Enthusiastic Mirth might be the best emote in the game,7,1,2025-07-22 00:55:36+00:00
I Really Was Trying To Help...,494,9,2025-07-21 00:58:42+00:00
May I stand unshaken,16,7,2025-07-21 19:51:26+00:00
I swear this game is straight up horror sometimes...,12,0,2025-07-21 20:34:24+00:00
Whoever is piloting these pelicans needs their license revoked,134,15,2025-07-21 07:56:42+00:00
Am I being bottle necked?,0,9,2025-07-22 10:24:53+00:00
He's reaching undemocratic enlightenment!,12,1,2025-07-21 20:54:36+00:00
Ghost rider has joined the cause,21,1,2025-07-21 17:52:09+00:00
Have troopers replaced devastators as the most common spawn on megacities?,3,4,2025-07-22 02:52:10+00:00
"Got the game a few days ago, looking for some people to play with",3,0,2025-07-22 04:21:51+00:00
One true flag buff ideas,0,8,2025-07-22 16:15:38+00:00
Someone PLEASE tell me any armor combos that go with thr new Cape I beg ðŸ™,0,5,2025-07-22 10:16:33+00:00
Divers hold strong!,7,6,2025-07-21 23:42:37+00:00
A video about how to make a NCR ranger setup in Helldivers.,2,1,2025-07-22 06:28:22+00:00
Bugs & Design Changes,3,0,2025-07-22 04:14:34+00:00
What are the Automatons teaching their War Striders?,9,5,2025-07-21 22:12:58+00:00
Not my best play but cant believe i survived that for it to end like that. Last mission needed to get sniper scope on Deadeye,2,2,2025-07-22 06:22:11+00:00
"Met Jonathan Young Himself!, plus a few other images from a con!",27,5,2025-07-21 15:59:03+00:00
I love the flavor text,40,2,2025-07-21 13:46:42+00:00
Why does the new cape say DCON in brail?,0,15,2025-07-22 13:49:35+00:00
Is liberation rate borked again? I swear it's not moved since we liberated Gael?,3,4,2025-07-22 04:03:50+00:00
Rate my loadouts,3,8,2025-07-22 04:01:54+00:00
"I dont care what people say, i love my Epoch â¤ï¸",0,11,2025-07-22 18:41:46+00:00
Arrowhead seriously needs to tweak how liberation works.,72,37,2025-07-21 10:53:50+00:00
Who asked for this?,573,39,2025-07-20 23:29:36+00:00
"Redownloaded after a year, getting team killed, what did I miss?",0,16,2025-07-22 15:48:34+00:00
The 5th stratagem (Pelican hover) comes in clutch,6,1,2025-07-22 01:02:12+00:00
Average Pelican experience,7,3,2025-07-21 22:58:10+00:00
DROP SEAF SOLDIERS AS STRATAGEMS!,2,1,2025-07-22 03:33:40+00:00
Delivery Driver When the Package Says 'Fragile',25,0,2025-07-21 16:16:07+00:00
Super Earth Cosmonaut,2,0,2025-07-22 05:45:20+00:00
Game crashing to desktop whenever I try to customize weapons,2,5,2025-07-22 05:37:33+00:00
seaf guy got that arthur morgan death,32,1,2025-07-21 14:28:21+00:00
Are megacities easier?,2,12,2025-07-22 05:27:37+00:00
Upgrade to tentacle [OC],5723,160,2025-07-20 10:51:43+00:00
New Cape?,1,0,2025-07-22 09:01:18+00:00
Do you buy SuperCredits?,3,36,2025-07-22 03:01:47+00:00
HUH new cape?,2,10,2025-07-22 08:58:05+00:00
Why the hell does 7 or 8 feels more difficult than 10?,0,15,2025-07-22 14:55:43+00:00
"UF-01 ""Grand Inspector"" (OC)",13,4,2025-07-21 19:56:48+00:00
Illuminate invasion [OC],3259,134,2025-07-20 13:13:35+00:00
stuck at 7fps??,6,5,2025-07-22 00:01:43+00:00
Some people just suck,14,11,2025-07-21 18:16:20+00:00
(OC) concept of a bot sub faction; attrition executable,43,0,2025-07-21 12:10:30+00:00
How does matchmaking work with crossplay disabled?,0,3,2025-07-22 12:12:18+00:00
no heat signature on super city maps,1,0,2025-07-22 08:26:11+00:00
Please allow us to see teammates' builds at end of mission,7,3,2025-07-21 21:49:21+00:00
"On the recent matter of Command Bunkers with Jammers, I believe I found where the terminal generated.",2,1,2025-07-22 04:21:14+00:00
My laughing maniacally as I turn a level 5 cadet into a mass murdering war machine,14,1,2025-07-21 18:10:05+00:00
"So guys, i'm not sure how you guys are with modded content but i just wanted to ask if y'all have any ideas on how i could get the helmet to be more optimus-like and less batman",16,11,2025-07-21 17:45:23+00:00
Bunch of screenshots from my time liberating the galaxy.,5,0,2025-07-21 23:19:07+00:00
Best Emote Glitch Ever,2,0,2025-07-22 04:16:38+00:00
Warp pack not working,1,4,2025-07-22 08:00:20+00:00
Warp Pack + Variable is insanely fun for dunking on Hulks,51,3,2025-07-21 10:28:44+00:00
Edited my warbond concept to make it a bit easier to read (Darkened the text and background,0,10,2025-07-22 15:23:46+00:00
1st person scope not working,0,3,2025-07-22 07:46:32+00:00
You can loot bunkers solo without the warp pack,8,2,2025-07-21 20:25:12+00:00
"There is probably no comeback from this, right?",3964,631,2025-07-20 11:01:38+00:00
"""Mea Culpa"" Warbond?",7,1,2025-07-21 21:51:17+00:00
I heared something about stealth warbond so when stealth misson? SoJust hell binocer stratagem?,5,3,2025-07-21 23:48:58+00:00
Supercredits are way too expensive,0,44,2025-07-22 23:00:13+00:00
Sound bug with the 2nd chance armour passive,6,5,2025-07-21 20:39:54+00:00
Fucking around with the variable and this happened,7,1,2025-07-21 20:37:46+00:00
My take on the Rebel faction,0,4,2025-07-22 15:55:39+00:00
Got hungry mid fight so I decided to eat my gun,7,3,2025-07-21 21:26:14+00:00
"Scan strategem/booster that highlights enemies for low visibility situations (night missions, spore clouds, smoke screens, weather conditions, etc...)",7,6,2025-07-21 19:48:08+00:00
Almost done with my cosplay,135,7,2025-07-21 04:23:09+00:00
A 1000 hour guide on diving bots without dedicated AT,34,31,2025-07-21 11:44:00+00:00
Need cover? Simply just hide inside a building.,112,6,2025-07-21 05:33:04+00:00
Getting killed inside Pelican? Unlucky. The View? PRICELESS!,9,2,2025-07-21 18:47:07+00:00
Is it worth it?,2,13,2025-07-22 02:56:54+00:00
PSA: No one can reinforce you until their hellpod lands,324,56,2025-07-20 23:26:03+00:00
"Landed on the massive mountain in the middle of the map, within laser-throwing range of the primary objective",4,0,2025-07-21 21:56:54+00:00
"I don't drink alcohol, smoke, do drugs, have sex, or gamble but I can't help my self from using an nice hot G-123 Thermite",1456,108,2025-07-20 15:12:13+00:00
Another evidence bots can hack turrets,8,1,2025-07-21 19:22:57+00:00
"At one point, on Super Helldive War Strider spawned more than 1 player could carry RR rounds",479,149,2025-07-20 21:13:11+00:00
"More ""official"" looking version of the Trenchdivers warbond I made. Updated too, changed a few things",120,23,2025-07-21 04:43:59+00:00
Cool city/civilian idea,4,0,2025-07-21 23:05:36+00:00
Helldivers2 crash bug that disables my screen and keyboard,1,2,2025-07-22 06:33:17+00:00
Fighting against the automatons.,3,12,2025-07-22 00:34:47+00:00
i got a little idea,6,0,2025-07-21 21:44:29+00:00
This aged like milk. And Iâ€™m glad.,42,1,2025-07-21 10:09:03+00:00
What is the point of the Epoch?,0,8,2025-07-22 13:44:26+00:00
Sure. Why not?,2,0,2025-07-22 02:22:34+00:00
Guess we have to deal with this Deafdiver BS for 2 weeks :_),6,2,2025-07-21 21:21:39+00:00
Let's reignite the Spill Oil campaign,1,1,2025-07-22 06:00:29+00:00
Got YEETED lul,6,0,2025-07-21 19:22:13+00:00
"What's the one strongest, must-have, warbond item?",3083,529,2025-07-20 10:32:13+00:00
Glitched Terrain,4,0,2025-07-21 22:17:44+00:00
New cape,0,5,2025-07-22 09:32:08+00:00
What are those bots planning?,5,1,2025-07-21 22:12:52+00:00
Every day these pilots get more and more drunk.,216,9,2025-07-21 00:39:39+00:00
The best shot I've made in my life.,6,2,2025-07-21 19:58:20+00:00
The Bug Experience,51,1,2025-07-21 08:20:10+00:00
The extraction terminal was glitched and located under the map. Unreachable.,5,5,2025-07-21 20:55:14+00:00
How it feels to use the Lift-182,54,3,2025-07-21 08:11:47+00:00
New beverage/Super destroyer Bar idea,1,11,2025-07-22 05:37:13+00:00
Quick play,5,4,2025-07-21 20:45:32+00:00
flying devastators next?,5,5,2025-07-21 19:45:50+00:00
Mac suits which one is better,0,7,2025-07-22 05:28:53+00:00
HMMMM seems right.,1992,35,2025-07-20 12:17:18+00:00
Should I pass on High-Density Explosives?,0,5,2025-07-22 05:23:05+00:00
What is this?,2,5,2025-07-22 01:31:22+00:00
The automatons plan,4,5,2025-07-21 20:28:50+00:00
Grand inspector (OC),7,1,2025-07-21 19:28:25+00:00
"meta or not, is there a better looking gun than the Pacifier?",21,30,2025-07-21 12:54:19+00:00
Backpack Warp moving backwards,2,0,2025-07-22 01:23:50+00:00
Can we coordinate better on MOs with a *shred* of Complexity,0,9,2025-07-22 14:53:09+00:00
Cursed Earth or Super Earth ?,6,0,2025-07-21 20:18:26+00:00
Automaton MO's make me question my loyalty,5,6,2025-07-21 19:08:11+00:00
Been Having Some Issues With The Audio.,6,0,2025-07-21 19:07:33+00:00
"Week 24 Modifier: Did Somebody Say ""BOOM""?",2,1,2025-07-22 01:04:55+00:00
Dear Arc Thrower Users...,0,11,2025-07-22 16:40:02+00:00
I felt the need to make this after seeing all the hate resurface,554,47,2025-07-20 18:26:05+00:00
"Rock, Paper, Scissors champ over here",900,17,2025-07-20 15:46:12+00:00
Take a Stand/Break,13,4,2025-07-21 14:15:05+00:00
Why are they building the main facilities of the biggest weapon ever created by the humanity on the border with the Bots? Are they stupid?,26,11,2025-07-21 10:33:11+00:00
In my final seconds,2,2,2025-07-22 00:38:34+00:00
Censorship.,0,10,2025-07-22 04:23:05+00:00
Dies in maniacal laughter,2,1,2025-07-22 00:28:15+00:00
Helldivers 2: Super Survivor Challenge,14,4,2025-07-21 14:18:27+00:00
Is it just me or is the guard dog braindead 75% of the time now?,194,58,2025-07-20 23:41:20+00:00
Helldiver and SEAF Soldier's Final Stand Aganst Tyranny.,68,4,2025-07-21 05:15:07+00:00
The Weekly Diver 7/20/25,12,5,2025-07-21 14:39:35+00:00
Great new Feature AH shows mission that arent accessible,6,2,2025-07-21 18:24:43+00:00
Battle Bros,7,1,2025-07-21 16:12:26+00:00
I have yet to see anyone out-do my Automaton kill count,0,9,2025-07-22 10:03:57+00:00
I found uhh.. the uhh.. umm.. what is this?,14,11,2025-07-21 13:44:07+00:00
"So, any thoughts about future attachments for Blitzer?",342,125,2025-07-20 20:26:38+00:00
"Don't blame each other, Helldivers. This was the perfect storm of unfortuante circumstances",220,22,2025-07-20 22:47:05+00:00
Is anyone else drowning in unfinished warbonds?,0,37,2025-07-22 09:51:46+00:00
Is this normal,0,4,2025-07-22 03:49:38+00:00
We donâ€™t be needing a C-01 Permit,5,1,2025-07-21 19:03:56+00:00
Is it time yet to start talking about DLSS support again?,8,19,2025-07-21 16:52:08+00:00
"Thought Experiment: If you worked at arrowhead, how could you determine if a weapon/enemy unit/other feature is ""balanced""?",7,21,2025-07-21 16:50:43+00:00
That's a lot of Devastator...,9,1,2025-07-21 16:48:02+00:00
Diving being limited by certain buildings.,2,0,2025-07-21 23:35:53+00:00
Hulk gives me a flame lobotomyÂ¿,280,9,2025-07-20 20:43:14+00:00
"I cannot play bug missions, seeking help (PC)",4,6,2025-07-21 19:38:21+00:00
Just looking at the Reddit everyday and it's gold.,1473,366,2025-07-20 11:34:40+00:00
Stratagem Hero Update before the Recruits arrive?,2,0,2025-07-21 23:15:55+00:00
Mission Impossible: Tom Helldiver himself,2,0,2025-07-21 20:54:49+00:00
Hellivare got me feelin a certain kind of way,8,3,2025-07-21 14:52:36+00:00
Another Warp Pack Public Service Announcement,3,3,2025-07-21 19:12:03+00:00
A full length drop in scene.,0,1,2025-07-22 08:34:21+00:00
Finally completed and extracted on my first solo Super Helldive!,44,12,2025-07-21 06:24:43+00:00
THE WARP PACK NEEDS TO BE NERFED,4,9,2025-07-21 20:36:25+00:00
Crazy EVAC glitch in mega city.,0,0,2025-07-22 02:32:42+00:00
Here me out Super Earth (sorry for bad image skills),17,3,2025-07-21 12:11:52+00:00
Stuff stuck in bunker due to teamkill and bail,0,2,2025-07-22 02:29:40+00:00
I absolutely love this community,13,11,2025-07-21 12:34:04+00:00
"High Command goes on vacation, meanwhile Helldivers keep dying on the Front. Is this true democracy?",5,11,2025-07-21 18:56:54+00:00
Lore questions how much authority do helldivers have?,6,11,2025-07-21 16:44:16+00:00
